Fname,Name,Email,Address,Empreint
John,Doe,john.doe@email.com,123 Main St,3
Jane,Smith,jane.smith@email.com,456 Oak Ave,2
Alice,Johnson,alice.johnson@email.com,789 Elm Blvd,1
Bob,Williams,bob.williams@email.com,101 Pine Rd,0
Eva,Jones,eva.jones@email.com,202 Maple Ln,5
Michael,Brown,michael.brown@email.com,303 Cedar Dr,2
Sophia,Miller,sophia.miller@email.com,404 Birch Ct,1
Matthew,Davis,matthew.davis@email.com,505 Pine Rd,3
Olivia,Garcia,olivia.garcia@email.com,606 Oak Ave,4
Daniel,Thomas,daniel.thomas@email.com,707 Elm Blvd,1
Emma,Moore,emma.moore@email.com,808 Maple Ln,0
William,Hall,william.hall@email.com,909 Cedar Dr,2
Ava,Hill,ava.hill@email.com,1010 Birch Ct,3
James,Allen,james.allen@email.com,1111 Pine Rd,1
Mia,Green,mia.green@email.com,1212 Oak Ave,2
David,Young,david.young@email.com,1313 Elm Blvd,0
Sophie,King,sophie.king@email.com,1414 Maple Ln,1
Benjamin,Scott,benjamin.scott@email.com,1515 Cedar Dr,4
Emily,Wright,emily.wright@email.com,1616 Birch Ct,2
Logan,Baker,logan.baker@email.com,1717 Pine Rd,3
Amelia,Cook,amelia.cook@email.com,1818 Oak Ave,0
Elijah,Ward,elijah.ward@email.com,1919 Elm Blvd,2
Avery,Hudson,avery.hudson@email.com,2020 Maple Ln,1
Oliver,Cooper,oliver.cooper@email.com,2121 Cedar Dr,3
Abigail,Hughes,abigail.hughes@email.com,2222 Birch Ct,0
Henry,Ross,henry.ross@email.com,2323 Pine Rd,1
Lily,Perez,lily.perez@email.com,2424 Oak Ave,2
Jackson,Reed,jackson.reed@email.com,2525 Elm Blvd,1
Sofia,Morgan,sofia.morgan@email.com,2626 Maple Ln,0
Alexander,Campbell,alexander.campbell@email.com,2727 Cedar Dr,2
Grace,Ramirez,grace.ramirez@email.com,2828 Birch Ct,3
Samuel,Gray,samuel.gray@email.com,2929 Pine Rd,1
Charlotte,Kelly,charlotte.kelly@email.com,3030 Oak Ave,2
